[
  {
    "name": "Colors",
    "settings": [
      {
        "type": "color",
        "id": "bg",
        "label": "Background Color",
        "default": "#FFFFFF"
      },
      {
        "type": "color",
        "id": "text_color",
        "label": "Text Color",
        "default": "#000000"
      }
    ]
  },
  {
    "name": "CheckboxSettings",
    "settings": [
      {
        "type": "checkbox",
        "id": "show_search",
        "label": "Show search form?",
        "default": true
      }
    ]
  }
]
